"","AIInterface","ConcordanceType","contrast","SimulatedAIHighQuality","odds_ratio","ci_low","ci_high","p.value.adj"
"1","Recommended Treatment","Mentioned","TRUE - FALSE","False",14.3930124759643,1.83019858124173,113.189251842121,0.0901145195651848
"2","Recommended Treatment","Mentioned","TRUE - FALSE","True",7.48164846079422,3.60205647573689,15.5397518245334,1.08913218644981e-06
"3","Recommended Treatment","Mentioned","TRUE - FALSE",NA,8.13170618892944,4.13254628362216,16.0009449392338,2.19473461117544e-08
"4","Recommended Treatment","Adjacent","TRUE - FALSE","False",1.86510492088662,1.14993212441619,3.0250623424244,0.0901145195651848
"5","Recommended Treatment","Adjacent","TRUE - FALSE","True",0.280842933317507,0.143047522983162,0.551374477163546,0.00314445423060159
"6","Recommended Treatment","Adjacent","TRUE - FALSE",NA,0.969069239257537,0.663787812176101,1.41475208379699,1
"7","Options to Consider","Mentioned","TRUE - FALSE","False",13.7808264899734,3.2199183736359,58.980122074432,0.00527470421552187
"8","Options to Consider","Mentioned","TRUE - FALSE","True",4.10117416570192,2.29069010072536,7.3426036686913,3.06295578754159e-05
"9","Options to Consider","Mentioned","TRUE - FALSE",NA,5.11038764214364,3.02126048594459,8.64409473280136,2.12295034013665e-08
"10","Options to Consider","Adjacent","TRUE - FALSE","False",0.813206037626407,0.483117766047841,1.36882579384703,1
"11","Options to Consider","Adjacent","TRUE - FALSE","True",0.451882062732288,0.271970312117662,0.750807678342648,0.0238368749987266
"12","Options to Consider","Adjacent","TRUE - FALSE",NA,0.600268785870626,0.417653689565464,0.862730593055417,0.0581921941489613
"13","Options to Avoid","Mentioned","TRUE - FALSE","False",0.202227312990059,0.0767355431642504,0.532945808849527,0.0147067059079139
"14","Options to Avoid","Mentioned","TRUE - FALSE","True",0.950141592095172,0.317722351516072,2.84137719842943,1
"15","Options to Avoid","Mentioned","TRUE - FALSE",NA,0.387295099629817,0.191894564560066,0.781666195398244,0.0729874540028326
"16","Options to Avoid","Adjacent","TRUE - FALSE","False",1.02357554705053,0.57054181115923,1.83633675924831,1
"17","Options to Avoid","Adjacent","TRUE - FALSE","True",0.842997000849166,0.485919392981069,1.46247289922091,1
"18","Options to Avoid","Adjacent","TRUE - FALSE",NA,0.91005944625439,0.609395001189017,1.35906627737493,1
