"","bootstrap","AIInterface","HumanAI","prob"
"1","1","No AI","Human",0.438053097345133
"2","1","Options to Avoid","Human",0.42283950617284
"3","1","Options to Avoid","Simulated",0.4004329004329
"4","1","Options to Consider","Human",0.466257668711656
"5","1","Options to Consider","Simulated",0.317269076305221
"6","1","Recommended Treatment","Human",0.579470198675497
"7","1","Recommended Treatment","Simulated",0.333333333333333
"8","2","No AI","Human",0.515555555555556
"9","2","Options to Avoid","Human",0.436997319034853
"10","2","Options to Avoid","Simulated",0.441947565543071
"11","2","Options to Consider","Human",0.45821325648415
"12","2","Options to Consider","Simulated",0.303212851405622
"13","2","Recommended Treatment","Human",0.573913043478261
"14","2","Recommended Treatment","Simulated",0.333333333333333
"15","3","No AI","Human",0.397321428571429
"16","3","Options to Avoid","Human",0.383333333333333
"17","3","Options to Avoid","Simulated",0.444444444444444
"18","3","Options to Consider","Human",0.487031700288184
"19","3","Options to Consider","Simulated",0.308943089430894
"20","3","Recommended Treatment","Human",0.575289575289575
"21","3","Recommended Treatment","Simulated",0.333333333333333
"22","4","No AI","Human",0.40990990990991
"23","4","Options to Avoid","Human",0.415094339622642
"24","4","Options to Avoid","Simulated",0.447565543071161
"25","4","Options to Consider","Human",0.485119047619048
"26","4","Options to Consider","Simulated",0.314814814814815
"27","4","Recommended Treatment","Human",0.619607843137255
"28","4","Recommended Treatment","Simulated",0.333333333333333
"29","5","No AI","Human",0.462222222222222
"30","5","Options to Avoid","Human",0.376506024096386
"31","5","Options to Avoid","Simulated",0.410714285714286
"32","5","Options to Consider","Human",0.477848101265823
"33","5","Options to Consider","Simulated",0.308641975308642
"34","5","Recommended Treatment","Human",0.533582089552239
"35","5","Recommended Treatment","Simulated",0.333333333333333
"36","6","No AI","Human",0.460176991150442
"37","6","Options to Avoid","Human",0.433734939759036
"38","6","Options to Avoid","Simulated",0.438818565400844
"39","6","Options to Consider","Human",0.478658536585366
"40","6","Options to Consider","Simulated",0.304444444444444
"41","6","Recommended Treatment","Human",0.51702786377709
"42","6","Recommended Treatment","Simulated",0.333333333333333
"43","7","No AI","Human",0.484304932735426
"44","7","Options to Avoid","Human",0.443271767810026
"45","7","Options to Avoid","Simulated",0.456043956043956
"46","7","Options to Consider","Human",0.450310559006211
"47","7","Options to Consider","Simulated",0.288065843621399
"48","7","Recommended Treatment","Human",0.557768924302789
"49","7","Recommended Treatment","Simulated",0.333333333333333
"50","8","No AI","Human",0.455357142857143
"51","8","Options to Avoid","Human",0.432276657060519
"52","8","Options to Avoid","Simulated",0.429718875502008
"53","8","Options to Consider","Human",0.513966480446927
"54","8","Options to Consider","Simulated",0.308712121212121
"55","8","Recommended Treatment","Human",0.55859375
"56","8","Recommended Treatment","Simulated",0.333333333333333
"57","9","No AI","Human",0.513513513513513
"58","9","Options to Avoid","Human",0.448648648648649
"59","9","Options to Avoid","Simulated",0.428030303030303
"60","9","Options to Consider","Human",0.453333333333333
"61","9","Options to Consider","Simulated",0.308219178082192
"62","9","Recommended Treatment","Human",0.562724014336918
"63","9","Recommended Treatment","Simulated",0.333333333333333
"64","10","No AI","Human",0.52212389380531
"65","10","Options to Avoid","Human",0.476190476190476
"66","10","Options to Avoid","Simulated",0.404761904761905
"67","10","Options to Consider","Human",0.430594900849858
"68","10","Options to Consider","Simulated",0.305555555555556
"69","10","Recommended Treatment","Human",0.558951965065502
"70","10","Recommended Treatment","Simulated",0.333333333333333
"71","11","No AI","Human",0.480176211453745
"72","11","Options to Avoid","Human",0.421052631578947
"73","11","Options to Avoid","Simulated",0.449186991869919
"74","11","Options to Consider","Human",0.498316498316498
"75","11","Options to Consider","Simulated",0.30921052631579
"76","11","Recommended Treatment","Human",0.573333333333333
"77","11","Recommended Treatment","Simulated",0.333333333333333
"78","12","No AI","Human",0.427312775330396
"79","12","Options to Avoid","Human",0.455414012738854
"80","12","Options to Avoid","Simulated",0.448198198198198
"81","12","Options to Consider","Human",0.476584022038567
"82","12","Options to Consider","Simulated",0.302681992337165
"83","12","Recommended Treatment","Human",0.607407407407407
"84","12","Recommended Treatment","Simulated",0.333333333333333
"85","13","No AI","Human",0.431718061674009
"86","13","Options to Avoid","Human",0.449856733524355
"87","13","Options to Avoid","Simulated",0.445833333333333
"88","13","Options to Consider","Human",0.461538461538462
"89","13","Options to Consider","Simulated",0.3
"90","13","Recommended Treatment","Human",0.600732600732601
"91","13","Recommended Treatment","Simulated",0.333333333333333
"92","14","No AI","Human",0.466666666666667
"93","14","Options to Avoid","Human",0.442675159235669
"94","14","Options to Avoid","Simulated",0.433333333333333
"95","14","Options to Consider","Human",0.476190476190476
"96","14","Options to Consider","Simulated",0.310077519379845
"97","14","Recommended Treatment","Human",0.565836298932384
"98","14","Recommended Treatment","Simulated",0.333333333333333
"99","15","No AI","Human",0.504504504504504
"100","15","Options to Avoid","Human",0.4375
"101","15","Options to Avoid","Simulated",0.411877394636015
"102","15","Options to Consider","Human",0.468553459119497
"103","15","Options to Consider","Simulated",0.298245614035088
"104","15","Recommended Treatment","Human",0.525951557093426
"105","15","Recommended Treatment","Simulated",0.333333333333333
"106","16","No AI","Human",0.412280701754386
"107","16","Options to Avoid","Human",0.447058823529412
"108","16","Options to Avoid","Simulated",0.41468253968254
"109","16","Options to Consider","Human",0.48
"110","16","Options to Consider","Simulated",0.306201550387597
"111","16","Recommended Treatment","Human",0.569169960474308
"112","16","Recommended Treatment","Simulated",0.333333333333333
"113","17","No AI","Human",0.442477876106195
"114","17","Options to Avoid","Human",0.405263157894737
"115","17","Options to Avoid","Simulated",0.446296296296296
"116","17","Options to Consider","Human",0.484756097560976
"117","17","Options to Consider","Simulated",0.310975609756098
"118","17","Recommended Treatment","Human",0.6
"119","17","Recommended Treatment","Simulated",0.333333333333333
"120","18","No AI","Human",0.4
"121","18","Options to Avoid","Human",0.437158469945355
"122","18","Options to Avoid","Simulated",0.477272727272727
"123","18","Options to Consider","Human",0.445482866043614
"124","18","Options to Consider","Simulated",0.309236947791165
"125","18","Recommended Treatment","Human",0.541176470588235
"126","18","Recommended Treatment","Simulated",0.333333333333333
"127","19","No AI","Human",0.457399103139013
"128","19","Options to Avoid","Human",0.495677233429395
"129","19","Options to Avoid","Simulated",0.450617283950617
"130","19","Options to Consider","Human",0.528189910979229
"131","19","Options to Consider","Simulated",0.29535864978903
"132","19","Recommended Treatment","Human",0.571428571428571
"133","19","Recommended Treatment","Simulated",0.333333333333333
"134","20","No AI","Human",0.475336322869955
"135","20","Options to Avoid","Human",0.455197132616487
"136","20","Options to Avoid","Simulated",0.455882352941176
"137","20","Options to Consider","Human",0.505813953488372
"138","20","Options to Consider","Simulated",0.306201550387597
"139","20","Recommended Treatment","Human",0.621951219512195
"140","20","Recommended Treatment","Simulated",0.333333333333333
"141","21","No AI","Human",0.453333333333333
"142","21","Options to Avoid","Human",0.44620253164557
"143","21","Options to Avoid","Simulated",0.459401709401709
"144","21","Options to Consider","Human",0.479057591623037
"145","21","Options to Consider","Simulated",0.302536231884058
"146","21","Recommended Treatment","Human",0.510121457489879
"147","21","Recommended Treatment","Simulated",0.333333333333333
"148","22","No AI","Human",0.488888888888889
"149","22","Options to Avoid","Human",0.460869565217391
"150","22","Options to Avoid","Simulated",0.4125
"151","22","Options to Consider","Human",0.47239263803681
"152","22","Options to Consider","Simulated",0.30982905982906
"153","22","Recommended Treatment","Human",0.573825503355705
"154","22","Recommended Treatment","Simulated",0.333333333333333
"155","23","No AI","Human",0.449339207048458
"156","23","Options to Avoid","Human",0.429850746268657
"157","23","Options to Avoid","Simulated",0.451476793248945
"158","23","Options to Consider","Human",0.472727272727273
"159","23","Options to Consider","Simulated",0.318376068376068
"160","23","Recommended Treatment","Human",0.570469798657718
"161","23","Recommended Treatment","Simulated",0.333333333333333
"162","24","No AI","Human",0.488986784140969
"163","24","Options to Avoid","Human",0.401408450704225
"164","24","Options to Avoid","Simulated",0.42156862745098
"165","24","Options to Consider","Human",0.48169014084507
"166","24","Options to Consider","Simulated",0.312260536398467
"167","24","Recommended Treatment","Human",0.555900621118012
"168","24","Recommended Treatment","Simulated",0.333333333333333
"169","25","No AI","Human",0.453333333333333
"170","25","Options to Avoid","Human",0.414835164835165
"171","25","Options to Avoid","Simulated",0.411877394636015
"172","25","Options to Consider","Human",0.48297213622291
"173","25","Options to Consider","Simulated",0.29957805907173
"174","25","Recommended Treatment","Human",0.548148148148148
"175","25","Recommended Treatment","Simulated",0.333333333333333
"176","26","No AI","Human",0.491150442477876
"177","26","Options to Avoid","Human",0.400696864111498
"178","26","Options to Avoid","Simulated",0.41324200913242
"179","26","Options to Consider","Human",0.491379310344828
"180","26","Options to Consider","Simulated",0.306513409961686
"181","26","Recommended Treatment","Human",0.568027210884354
"182","26","Recommended Treatment","Simulated",0.333333333333333
"183","27","No AI","Human",0.439461883408072
"184","27","Options to Avoid","Human",0.432926829268293
"185","27","Options to Avoid","Simulated",0.443722943722944
"186","27","Options to Consider","Human",0.502645502645503
"187","27","Options to Consider","Simulated",0.298850574712644
"188","27","Recommended Treatment","Human",0.606498194945848
"189","27","Recommended Treatment","Simulated",0.333333333333333
"190","28","No AI","Human",0.442477876106195
"191","28","Options to Avoid","Human",0.416403785488959
"192","28","Options to Avoid","Simulated",0.435064935064935
"193","28","Options to Consider","Human",0.495145631067961
"194","28","Options to Consider","Simulated",0.307017543859649
"195","28","Recommended Treatment","Human",0.559485530546624
"196","28","Recommended Treatment","Simulated",0.333333333333333
"197","29","No AI","Human",0.438914027149321
"198","29","Options to Avoid","Human",0.437106918238994
"199","29","Options to Avoid","Simulated",0.446666666666667
"200","29","Options to Consider","Human",0.469055374592834
"201","29","Options to Consider","Simulated",0.304054054054054
"202","29","Recommended Treatment","Human",0.547904191616767
"203","29","Recommended Treatment","Simulated",0.333333333333333
"204","30","No AI","Human",0.524444444444444
"205","30","Options to Avoid","Human",0.378612716763006
"206","30","Options to Avoid","Simulated",0.428571428571429
"207","30","Options to Consider","Human",0.526717557251908
"208","30","Options to Consider","Simulated",0.304232804232804
"209","30","Recommended Treatment","Human",0.56547619047619
"210","30","Recommended Treatment","Simulated",0.333333333333333
"211","31","No AI","Human",0.453333333333333
"212","31","Options to Avoid","Human",0.428571428571429
"213","31","Options to Avoid","Simulated",0.465201465201465
"214","31","Options to Consider","Human",0.5
"215","31","Options to Consider","Simulated",0.297297297297297
"216","31","Recommended Treatment","Human",0.563380281690141
"217","31","Recommended Treatment","Simulated",0.333333333333333
"218","32","No AI","Human",0.508849557522124
"219","32","Options to Avoid","Human",0.431972789115646
"220","32","Options to Avoid","Simulated",0.43287037037037
"221","32","Options to Consider","Human",0.502732240437158
"222","32","Options to Consider","Simulated",0.308429118773946
"223","32","Recommended Treatment","Human",0.54635761589404
"224","32","Recommended Treatment","Simulated",0.333333333333333
"225","33","No AI","Human",0.469298245614035
"226","33","Options to Avoid","Human",0.433802816901408
"227","33","Options to Avoid","Simulated",0.402298850574713
"228","33","Options to Consider","Human",0.483018867924528
"229","33","Options to Consider","Simulated",0.299019607843137
"230","33","Recommended Treatment","Human",0.55205047318612
"231","33","Recommended Treatment","Simulated",0.333333333333333
"232","34","No AI","Human",0.473451327433628
"233","34","Options to Avoid","Human",0.452307692307692
"234","34","Options to Avoid","Simulated",0.47119341563786
"235","34","Options to Consider","Human",0.461805555555556
"236","34","Options to Consider","Simulated",0.298611111111111
"237","34","Recommended Treatment","Human",0.559880239520958
"238","34","Recommended Treatment","Simulated",0.333333333333333
"239","35","No AI","Human",0.553097345132743
"240","35","Options to Avoid","Human",0.448160535117057
"241","35","Options to Avoid","Simulated",0.395238095238095
"242","35","Options to Consider","Human",0.45141065830721
"243","35","Options to Consider","Simulated",0.316017316017316
"244","35","Recommended Treatment","Human",0.53954802259887
"245","35","Recommended Treatment","Simulated",0.333333333333333
"246","36","No AI","Human",0.464601769911504
"247","36","Options to Avoid","Human",0.410714285714286
"248","36","Options to Avoid","Simulated",0.465686274509804
"249","36","Options to Consider","Human",0.514285714285714
"250","36","Options to Consider","Simulated",0.302845528455285
"251","36","Recommended Treatment","Human",0.550769230769231
"252","36","Recommended Treatment","Simulated",0.333333333333333
"253","37","No AI","Human",0.469026548672566
"254","37","Options to Avoid","Human",0.47008547008547
"255","37","Options to Avoid","Simulated",0.416666666666667
"256","37","Options to Consider","Human",0.462732919254658
"257","37","Options to Consider","Simulated",0.291666666666667
"258","37","Recommended Treatment","Human",0.581881533101045
"259","37","Recommended Treatment","Simulated",0.333333333333333
"260","38","No AI","Human",0.466666666666667
"261","38","Options to Avoid","Human",0.44375
"262","38","Options to Avoid","Simulated",0.402597402597403
"263","38","Options to Consider","Human",0.417218543046358
"264","38","Options to Consider","Simulated",0.298701298701299
"265","38","Recommended Treatment","Human",0.542056074766355
"266","38","Recommended Treatment","Simulated",0.333333333333333
"267","39","No AI","Human",0.511111111111111
"268","39","Options to Avoid","Human",0.429065743944637
"269","39","Options to Avoid","Simulated",0.474178403755869
"270","39","Options to Consider","Human",0.5
"271","39","Options to Consider","Simulated",0.308243727598566
"272","39","Recommended Treatment","Human",0.51056338028169
"273","39","Recommended Treatment","Simulated",0.333333333333333
"274","40","No AI","Human",0.466960352422908
"275","40","Options to Avoid","Human",0.413897280966767
"276","40","Options to Avoid","Simulated",0.393004115226337
"277","40","Options to Consider","Human",0.456026058631922
"278","40","Options to Consider","Simulated",0.313852813852814
"279","40","Recommended Treatment","Human",0.545454545454545
"280","40","Recommended Treatment","Simulated",0.333333333333333
"281","41","No AI","Human",0.4
"282","41","Options to Avoid","Human",0.449685534591195
"283","41","Options to Avoid","Simulated",0.417808219178082
"284","41","Options to Consider","Human",0.521963824289406
"285","41","Options to Consider","Simulated",0.303508771929825
"286","41","Recommended Treatment","Human",0.583333333333333
"287","41","Recommended Treatment","Simulated",0.333333333333333
"288","42","No AI","Human",0.513392857142857
"289","42","Options to Avoid","Human",0.363934426229508
"290","42","Options to Avoid","Simulated",0.444444444444444
"291","42","Options to Consider","Human",0.527950310559006
"292","42","Options to Consider","Simulated",0.308016877637131
"293","42","Recommended Treatment","Human",0.548484848484848
"294","42","Recommended Treatment","Simulated",0.333333333333333
"295","43","No AI","Human",0.502202643171806
"296","43","Options to Avoid","Human",0.476070528967254
"297","43","Options to Avoid","Simulated",0.445054945054945
"298","43","Options to Consider","Human",0.477777777777778
"299","43","Options to Consider","Simulated",0.308823529411765
"300","43","Recommended Treatment","Human",0.54485049833887
"301","43","Recommended Treatment","Simulated",0.333333333333333
"302","44","No AI","Human",0.488888888888889
"303","44","Options to Avoid","Human",0.432515337423313
"304","44","Options to Avoid","Simulated",0.435064935064935
"305","44","Options to Consider","Human",0.495327102803738
"306","44","Options to Consider","Simulated",0.30982905982906
"307","44","Recommended Treatment","Human",0.551083591331269
"308","44","Recommended Treatment","Simulated",0.333333333333333
"309","45","No AI","Human",0.452914798206278
"310","45","Options to Avoid","Human",0.421348314606742
"311","45","Options to Avoid","Simulated",0.44047619047619
"312","45","Options to Consider","Human",0.467576791808874
"313","45","Options to Consider","Simulated",0.296803652968037
"314","45","Recommended Treatment","Human",0.561290322580645
"315","45","Recommended Treatment","Simulated",0.333333333333333
"316","46","No AI","Human",0.453333333333333
"317","46","Options to Avoid","Human",0.435530085959885
"318","46","Options to Avoid","Simulated",0.478174603174603
"319","46","Options to Consider","Human",0.484429065743945
"320","46","Options to Consider","Simulated",0.300995024875622
"321","46","Recommended Treatment","Human",0.552238805970149
"322","46","Recommended Treatment","Simulated",0.333333333333333
"323","47","No AI","Human",0.475336322869955
"324","47","Options to Avoid","Human",0.402366863905325
"325","47","Options to Avoid","Simulated",0.452991452991453
"326","47","Options to Consider","Human",0.479885057471264
"327","47","Options to Consider","Simulated",0.309803921568627
"328","47","Recommended Treatment","Human",0.598513011152416
"329","47","Recommended Treatment","Simulated",0.333333333333333
"330","48","No AI","Human",0.438053097345133
"331","48","Options to Avoid","Human",0.43217665615142
"332","48","Options to Avoid","Simulated",0.442307692307692
"333","48","Options to Consider","Human",0.461267605633803
"334","48","Options to Consider","Simulated",0.316666666666667
"335","48","Recommended Treatment","Human",0.559077809798271
"336","48","Recommended Treatment","Simulated",0.333333333333333
"337","49","No AI","Human",0.415929203539823
"338","49","Options to Avoid","Human",0.454545454545455
"339","49","Options to Avoid","Simulated",0.455555555555556
"340","49","Options to Consider","Human",0.467948717948718
"341","49","Options to Consider","Simulated",0.298245614035088
"342","49","Recommended Treatment","Human",0.593272171253823
"343","49","Recommended Treatment","Simulated",0.333333333333333
"344","50","No AI","Human",0.440528634361233
"345","50","Options to Avoid","Human",0.443333333333333
"346","50","Options to Avoid","Simulated",0.450704225352113
"347","50","Options to Consider","Human",0.462264150943396
"348","50","Options to Consider","Simulated",0.311688311688312
"349","50","Recommended Treatment","Human",0.498583569405099
"350","50","Recommended Treatment","Simulated",0.333333333333333
