patient_name,ai_condition,plans,quality,fluid_num,vaso_num,decision_num
Deborah,treatment_recommendation,stop IV fluids and wean all vasopressors,1,0,0,1
Deborah,best_options,give diuretics and wean all vasopressors,1,3,0,10
Deborah,best_options,stop IV fluids and wean all vasopressors,1,0,0,1
Deborah,best_options,give up to 1 L of IV fluid and continue vasopressor,5,1,1,5
Deborah,worst_options,give up to 1 L of IV fluid and add another vasopressor,3,1,2,6
Deborah,worst_options,give diuretics and continue vasopressor,2,3,1,11
Esther,treatment_recommendation,give diuretics and not give vasopressors,2,3,0,10
Esther,best_options,give diuretics and not give vasopressors,2,3,0,10
Esther,best_options,stop diuretics and give up to 1 L of IV fluid and not give vasopressors,4,1,0,4
Esther,worst_options,stop diuretics and not give vasopressors,1,0,0,1
Heather,treatment_recommendation,stop IV fluids and not give vasopressors,2,0,0,1
Heather,best_options,stop IV fluids and not give vasopressors,2,0,0,1
Heather,best_options,give up to 1 L of IV fluid and give multiple vasopressors,4,1,2,6
Heather,best_options,give up to 1 L of IV fluid and give one vasopressor,5,1,1,5
Heather,worst_options,give diuretics and give multiple vasopressors,3,3,2,12
Heather,worst_options,give up to 1 L of IV fluid and not give vasopressors,2,1,0,4
Heather,worst_options,stop IV fluids and give multiple vasopressors,5,0,2,3
Richard,treatment_recommendation,give diuretics and wean secondary vasopressors,5,3,1,11
Richard,best_options,give diuretics and wean secondary vasopressors,5,3,1,11
Richard,best_options,give diuretics and continue multiple vasopressors,5,3,2,12
Richard,best_options,give diuretics and wean all vasopressors,5,3,0,10
Richard,worst_options,give up to 1 L of IV fluid and continue multiple vasopressors,3,1,2,6
Richard,worst_options,give neither IV fluid nor diuretics and wean all vasopressors,4,0,0,1
Richard,worst_options,give up to 1 L of IV fluid and wean secondary vasopressors,3,1,1,5
Margaret,treatment_recommendation,give more than 1 L of IV fluid and not give vasopressors,4,2,0,7
Margaret,best_options,give more than 1 L of IV fluid and not give vasopressors,4,2,0,7
Margaret,best_options,give diuretics and not give vasopressors,1,3,0,10
Margaret,worst_options,give neither IV fluid nor diuretics and not give vasopressors,1,0,0,1
Margaret,worst_options,give up to 1 L of IV fluid and not give vasopressors,3,1,0,4
Mike,treatment_recommendation,give neither IV fluid nor diuretics and give one vasopressor,6,0,1,2
Mike,best_options,give neither IV fluid nor diuretics and give one vasopressor,6,0,1,2
Mike,best_options,give diuretics and give one vasopressor,4,3,1,11
Mike,best_options,give diuretics and not give vasopressors,1,3,0,10
Mike,worst_options,give up to 1 L of IV fluid and give multiple vasopressors,5,1,2,6
Mike,worst_options,give up to 1 L of IV fluid and give one vasopressor,6,1,1,5
Mike,worst_options,give neither IV fluid nor diuretics and not give vasopressors,1,0,0,1