Decision,E1,E2,E3,E4,E5,Final,Case
1,2,1,2,1,1,1,Deborah
2,4,7,3,2,7,4,Deborah
3,2,6,1,3,5,3,Deborah
4,2,4,4,5,3,4,Deborah
5,6,5,3,5,6,5,Deborah
6,2,7,2,3,5,3,Deborah
7,2,6,5,6,4,5,Deborah
8,7,6,5,7,5,6,Deborah
9,2,6,3,3,5,4,Deborah
10,1,1,1,1,1,1,Deborah
11,1,2,2,1,2,2,Deborah
12,2,3,3,1,2,2,Deborah
13,7,6,6,6,4,6,Deborah
14,6,6,4,3,4,4,Deborah
15,3,3,7,7,7,7,Deborah
16,3,4,4,5,5,4,Deborah
1,4,1,1,2,2,2,Heather
2,5,7,7,6,7,7,Heather
3,1,6,5,5,5,5,Heather
4,4,2,2,2,3,2,Heather
5,5,4,5,6,5,5,Heather
6,1,4,4,5,5,4,Heather
7,3,1,2,1,3,2,Heather
8,4,3,3,5,4,4,Heather
9,1,2,3,4,3,3,Heather
10,5,1,2,2,1,2,Heather
11,4,3,5,3,4,4,Heather
12,1,3,4,2,3,3,Heather
13,5,3,5,3,5,5,Heather
14,3,1,3,3,4,3,Heather
1,2,1,3,6,5,4,Richard
2,5,3,4,6,7,4,Richard
3,5,7,4,6,5,5,Richard
4,3,2,2,2,4,2,Richard
5,4,3,3,2,3,3,Richard
6,4,3,3,2,3,3,Richard
7,1,1,1,1,3,1,Richard
8,1,3,2,1,3,2,Richard
9,1,4,2,1,3,2,Richard
10,4,2,4,7,4,5,Richard
11,4,3,5,7,5,5,Richard
12,4,4,6,7,5,5,Richard
13,4,3,5,2,5,4,Richard
14,4,4,5,2,6,4,Richard
15,2,2,3,1,4,2,Richard
16,2,2,3,1,4,2,Richard
1,2,1,1,2,1,1,Esther
2,5,7,3,2,6,5,Esther
3,2,6,2,2,4,3,Esther
4,4,3,1,4,4,4,Esther
5,5,4,2,5,6,5,Esther
6,2,5,2,5,4,4,Esther
7,3,2,1,4,5,3,Esther
8,3,3,1,5,6,2,Esther
9,3,2,1,5,3,2,Esther
10,1,1,5,1,1,2,Esther
11,5,6,6,1,4,5,Esther
12,4,5,5,1,3,4,Esther
13,6,3,2,5,6,4,Esther
14,4,2,1,5,6,3,Esther
1,1,1,1,1,1,1,Margaret
2,5,6,6,2,4,5,Margaret
3,3,2,6,2,2,4,Margaret
4,5,3,2,2,3,3,Margaret
5,6,6,6,3,5,6,Margaret
6,3,5,6,3,3,3,Margaret
7,5,3,2,6,6,4,Margaret
8,6,6,4,6,6,6,Margaret
9,3,4,4,5,5,4,Margaret
10,1,1,1,1,1,1,Margaret
11,2,3,3,1,2,2,Margaret
12,1,3,3,1,2,2,Margaret
13,5,6,6,5,6,6,Margaret
14,6,7,5,7,7,7,Margaret
1,1,2,1,1,1,1,Mike
2,5,6,6,6,6,6,Mike
3,5,3,6,5,5,5,Mike
4,4,3,2,2,1,2,Mike
5,7,6,5,6,5,6,Mike
6,5,5,5,5,5,5,Mike
7,4,1,2,2,1,2,Mike
8,3,3,4,2,4,3,Mike
9,3,5,3,2,4,3,Mike
10,1,2,2,1,1,1,Mike
11,4,3,5,5,3,4,Mike
12,3,3,5,4,4,4,Mike
13,7,5,5,5,4,5,Mike
14,3,3,3,2,5,3,Mike